{
  "mean_": [
    2.1336423105669384,
    17.00084880171018,
    2.1336423105669384,
    17.000702525876886,
    2.3634153595346477,
    1.0793296739685192,
    20.81726886876773,
    35.21724536045687
  ],
  "scale_": [
    3.7378661731106577,
    53.94476545253242,
    3.7378661731106577,
    53.94904430397156,
    4.208113695474114,
    3.753183461308637,
    52.51762102998436,
    41.64362087529863
  ]
}